REVIEW,LABEL
"LOCATION: Letaknya di perempatan jalan, di depannya terdapat gereja lama GKJW. Lokasinya sangat strategis dan mudah ditemukan. Akses parkir juga mudah. VIBES: Tempatnya luas dan memiliki 2 lantaj, indoor dan outdoor. Ada banyak meja yang tersedia di sini. AC-nya dingin sekali terutama saat malam hari. SERVICE, TASTE & PRICE: Barista nya cepat dan ramah, self-service. Menunya seperti Starbucks pada umumnya. Harga masih terjangkau, terkadang ada promo melalui Line Apps, atau aplikasi Starbucks official nya. Pembayaran bisa QRIS atau tunai. FACILITIES: WiFi tersedia dan cepat. Toilet di lantai 1 dan bersih. Ada banyak tempat charging. MORE REVIEW: Overall, salah satu Starbucks di Surabaya Timur yang nyaman. cocok untuk me time dan bertemu teman.",5
"Boleh lah sesekali kesini, makanan biasa saja .. dibilang enak, ya cukup lumayan! Dibilang enak, ya cukup layak dimakan! Biasa order ikan semua .. krn rekomendasinya ya ikan!",5
Tempatnya enak biarpun tidak luas. Suasana nyaman,5
"depot bu Rudy antri, driver gojek kalau dapet order bu Rudy pgs itu di dahulukan sama customer uang parkir gak ada",3
saya sering banget makan di tempat ini ...tapi lama lama sambalnya kok kurang sip apa karna orange yg nyambel ganti ya !??,3
"Dpt pengalaman kurang asik, tapi untung direspon dengan baik sama manajernya. Semoga bisa jadi perbaikan ke depan.",5
Pelayanan lama,5
Nyaman dan Tasty,5
"pelayanan nya ramah dan cepet, minumannya enak, WORTH IT sama harga nyaa",5
pesanan cepat sampai,5
"Lamban,, apalagi kalo ke driver online, nunggu sampe Dine ini kelar, meski datang duluan",5
"Makanannya enak..,",5
Tempatnya bagus bersih. Parkirannya juga luas. Karywannya ramah.,5
"Ramah, nyaman dan aman.",5
tempatnya asri dan nyaman,5
"Kecewa aja . Semuanya sih so far so good. Enggak tau kenapa kali ini zonk. Pesan iga penyet yang dateng ku kira bakal enak. Tapi malah dapet iga yang super alot, gosong dan enggak bisa dimakan . Cuman secuil aja . Sumpah kali ini kecewa",3
Enak untuk rehat... Samping jalan raya... Parkir mobil luas,5
"Enak buat nongki seperi cabang yg lain, minusnya parkirnya susah krn berderetan dgn ruko lain dan dipinggir jalan",5
Hehehe enakkk nyaman poll,5
"Karyawannya ramah, baik, tempat dan suasananya nyaman dehh",5
"Tempatnya strategis buat lokasi ku, dan harganya mahasiswa able banget, udha gitu enakk, bagus dehh",5
"Deserve 5 Star sih buat segalanya disini, makanan bener bener well plated & georgious taste. Staffnya asik, ramah, n welcoming banget dari awal masuk. Suasananya tenang, adem, dan luxurious nuansa cafe cafe high class. Good Job",5
Tempat nyaman dan enak untuk makan bersama teman dan keluarga,5
Good place to work in cafe. Tempatnya nyaman dan tidak terlalu ramai. Souffle is the best!,5
Pelayan atas nma DANDY tlong di bimbing kurang SOPAN,5
Minuman favorit sejak sekolah. Cihuyyyy,5
"Makanan oke.. kebersihan kurang, apalagi di lt2. karyawan makan di sembarang tempat",5
"30 menit pesanan belum selesai , padahal tamunya lengang",5
"Klo nunggu anak xtra basket & panah, selalu ngadem d kopi kenangan.. pelayanan baik & racikannya ok , temoat juga bersih",5
pelayanannya ramah sekalii kopinya jg enak fresh brew beda dari kopi kenangan lain,5
Di perbaiki lagi masalah urutan antrian,5
"Sangat TIDAK PROFESIONAL !!!! Sdh jam 8.10 masih belum buka. Ini STARBUCKS LOH !!!! Saya tungguin aja di dlm, mau tahu sampai kapan barista nya tawarin saya mau pesan apa. Tapi memang Starbucks Graha Pena sangat2x jauh dari ekspektasi sebuah gerai Starbucks baik interior maupun profesionalitas barista nya. Btw yg nunggu saya dan ada 1 org pelanggan. Hari ini Rabu tgl 31 Jan 2024",3
Untuk kopinya enak. Kopi farian Palm sugar nya. Roti kenangan favoritnya keju.,5
Mantap banget...,5
Kafe yang nyaman buat nongki2,5
Pelayanan untuk takeaway nya parah,5
Cheese creamnya sudah agak asam,5
"Saya beli kopi black aren. Sama mereka dikasih campuran air putih. Padahal saya beli di tempat lain tidak ada campuran..isinya hanya kopi, fres milk dan gula aren.",5
Steak legendaris Surabaya,5
"Letaknya dekat Masjid, motor parkir didekatnya pintu masuk gang.",5
"Pesen kopi kenangan mantan ehh di kasinya americano gaara2 aplikasinya yg ga flexible, jelas2 diaplkasi sudah tertera kopken mantan, eh di outlet ga ada, pelanggan yg dirugikan.",5
"Enak, fresh, ga nyesal kalo makan disini.",5
tempatnya enak banget,5
Enak bgt buat ngerjain tugas kuliah tempat nya nyaman bgt dan pelayanan nya sih ramah ramah bgttt,5
"comfy bangett tempatnya, pelayanan nya juga oke bangett, pokonya sangatt recommended!!",5
pelayanan nya kureng,5
"Makanan yg disajikan hampir semua enak,dgn porsi yg cukup banyak dan penampilan menarik ( menggugah selera ).Area parkirbya juga nyaman dan aman.",5
Bagus harganya bisa ditrima porsi ok,5
pelayanan cepat tapi counternya sempit ga kayak yg di Tunjungan Plaza,5
"Tempat sangat cozzy, apalagi menu Cupbop nya yg recomended, toppoki with mozza, chickinpop korean ma hotdagnya yg best bagiku. Cocok buat kalian yg pacaran ataupun nugas",5
yang bener aja rugi dong masa pesen gacoan level 2 rasanya kek level 4 terus gacoan level 3 rasanya kek level 0,3
"Pertama kali mengopi di Excelso SUB Sulawesi. Suasananya nyaman, pelayanan sangat membantu, juga cocok dengan sajian amerikananya. Harga, layanan, dan produk seirama. Terima kasih.",5
"tolomg donk barista yg masih pakek baju putih, yg sopan kalau bicara sama cust, bukan teriak kayak tarzan, bicara sama customer teriak, dipikir saya budek, udah saya antri panjang, bisa bisanya dia nudug saya ga antri di depan banyak cust lain,ga sopan, tolong donk starbuck perusahaan besar memperkerjaka! org dengan attirude yang baik, membuat org tidak nyaman",5
Mantap seperti xcelso2 lain nya tempat nyaman bersih pelayanan baik cm staff cowo 1 agak sombong   mungkin bisa di perbaiki,5
"1. Info dari waitress E voucher Di app tidak bisa digunakan Karena engga bisa, Akhirnya member engga bisa digunakan. 2. WiFi juga engga bisa 3. Salah input jumlah bill Di qris. 4. Untuk permasalahan no.1 sebenernya yg tidak bisa alatnya atau waitress nya, jika waitress nya Mohon untuk Di upgrade product knowledge nya... Pertama Dan terakhir ngopi disini.",5
Akhirnya ketemu Kopi Kenangan guys. Di Cepu belum ada soalnya. Buka cabang juga dong di Cepu.,5
"javachip frappe blen lebih kaya milkshake kopi krn ice blend terlalu cairrr , whip cream cairrr KEK MANAAAA!!!!! red velvet frappe ok",5
"KOI Cafe, rasa kopinya kurang terasa, after tastenya di lidah rasa manisnya sehari ga hilang, pelayanannya cepat karena lagi sepi",5
"Ini restoran gk niat untuk online gk usah di online in, order dari tadi customernya sdh bayar duluan via shopeepay, malah didahulukan yang dine in, prefesionalnya dimana, kalo orang pinter sapa dulu online apa dine in yang beli, diapk sdh kerja sama kan langsung disiapkan, tapi karyawan anda lalai Tolong diperbaiki tuh karyawannya biar lebih prefesional lagi!!! Tuh karyawanannya",3
"Kamis, 15 Februari 2024. Saya datang pukul sekitar 12.45, pelayanannya sangat buruk, kasir perempuan sangat ketus. Padahal tidak terlalu ramai saat itu.",5
"Tempat ole2 yg ga ada ditempat Laen nih, mantabb gaes",5
Beli online terlalu lama pegawainya kalau gak bisa kerja d ganti aja biar cepet,3
"Tempat makan untuk keluarga atau kawan yang nyaman dan bersih. Pilihan makanan dan minuman beragam dan rasanya enak-enak. Saya pesan gurame bakar, tahu goreng, karedok, tumis daun labu dan bakwan goreng, serta es kelapa muda dan jus alpukat semua nya enak. Untuk harga masih bersahabat dan pembayaran bisa pakai QRIS dan debit juga. Mantap lah",5
"Resiko sepeda ilang , tempat masuk GG kelinci",5
"Tempat nya nyaman sekali. Tidak terlalu ramai, selain itu barista nya ramah. WIFI nya pun lancar   . Jadi salah satu tempat yang cocok untuk productive maupun meluangkan waktu untuk membaca.",5
"Rekomen buat ngopi, kalo lg mampir di Pakuwon ...",5
Lokasi Tempat nya Di City Of Tomorrow Lantai 1 Food Court,5
"Tolong di perhatiakan untuk aplikasi grab tolong di buka mesin nya jgan menyampingkan ya kita sama sama kerja   klau ad orderan tolong di buka paham , jgan nunggu driver datang update dikit , resto laen sdah di proses , paham,",3
"Antrinya lama banget apalagi pas bulan ramadhan , terkadang kasirnya juga cuek dan terkesan jutek. Kemasan makanannya oke tapi kualitas rasanya kurang pas , kadang kemanisan banget kadang kurang manis atau kebanyakan es",3
"Pesan Level 1 kok kyak level 3, mulut sampek kebakar, gak kayak gacoan di outlet lain.",3
"Fettucine carbonara nya tidak worth it, jadi tidak saya photo... biasanya enak, tapi disini terlalu matang hingga fetuccine terlalu lembek ... kemudian sudah kita complain, dimasakkan lagi, tetep saja masih lembek ? Koki nya mana nih ? Langganan sejak th 2000an tp baru x ini , tidak puas .. jadi bintangnya untuk promo nya, Sandwich ok , minuman ok , pelayanan baik ...",5
"Kafe Excelso yang terletak di TP2, sedang ada Promo Cendol Latte dan Canela Latte sekarang...",5
Lokasinya di GM 1 dekat kasir ranch market. Chatime yg lebih premium,5
Mantaps buat makan bersama keluarga.,5
Pelayanan cepat dan tepat,5
"Tempat sangat enak untuk nongkrong, rasa dan harga minumannya sangat worth it untuk dibeli",5
Tiap senin dapat promo kopi terimakasih,5
Pelayannya kurang ramah..suka buru2 kpd pembeli dalam memilih pesanan,5
"Masnya ganteng, aku sampe gagal fokus pas order    anyway kopi machiatonyaaa daebak?!!?!!!! Endullll.",5
Kopi Kenangan Mantan sih paling juara,5
stok ayam nya kurang banyak jam 20.30 sdh habis,5
"Banyak promo, pelayanan ramah",5
sy order dory sambal sereh tapi yg dtg dory grg yg kecil sekali spt hny ekornya sj yg di krm.bgmn resto yg bgs bs begini.biasanya tdk spt ini.sungguh mengecewakan sy,3
"Rasanya enak, terutama lumpia udang favorit banget ..",5
"Sudah nambah espreso shott,sugar 50 persen,rasa masih kemanisan,gak kayak biasa nya pesen di ciputra mall....kecewa banget...",5
Bagus ..saya suka ..,5
"Ga masok, menyusahkan",5
tempatnya bersih,5
"Chatime favorit huzelnut .. pelayanannya oke , pegawainya ramah banget .. always beli di chatime royal deh pokoknya",5
Enakk... good choice kopi kenangan mantan,5
Enak pelayanan nya ramaha,5
"ok std kopken biasa, tempatnya gelap",5
"Tastenya ada pait2nya kopi n campur manis.. cocok juga minum ini.. biasa minum kopi saset aja di rumah.. jadi kurang mengerti taste kopi yg mantep itu bagaimana.. pelayanan cepet, ga sampe 5 menit uda ready.. Good service...",5
minusnya cuma 1 ada tukang PARKIR yg kurang bermanfaat. cuma mau ambil uang saja. motor tidak di tata.,3
Kopinya Mantab,5
Pelqyanan memuaskan,5
"Selalu ramai saat jam makan siang. Untuk makanannya lumayan, sambalnya joss",5
"Asyik buat santai,harga terjangkau, makanan enak , minuman jus kurang kental buahnya ditambah ya supaya mantap ya",5
"Tempatnya oke, minumannnya enak, pelayanannya bagus. Tukang parkirnya aja yg nyebelin. Parkir cuma bentar ambil pesanan, dan Gak bantu parkir tapi tetep minta uang",3
Ayam bakar primarasa makanannya cocok di lidah... Sambalnya enak dan menunya cukup banyak... Suasana yg nyaman menjadi keunggulan rumah makan ini... Saya sering ngajak teman dan keluarga ke sini,5
"Lumayan cepet dan pegawainya baik banget ngurus pesanan dan menjawab pertanyaan pelanggan, bahkan ketika minta tanpa tas dan pesannya banyak, dibantuin bawa sampai mobil",5
"Isian daging lumayan banyak. Kuahnya oke dan menurutku agak ringan. Mejanya lumayan banyak tapi kalo lagi rame banget, harus nunggu meja kosong. Lokasi pinggir jalan jadi gampang aksesnya. Nasi soto 20rb Es teh 5rb Kerupuk mawar 500",5
"Tempatnya nyaman dan pelayanannya ramah , recommend bgt buat nongkrong!!",5
Enak..karena pas lapar Apalagi ada diskon dr bca.. Mayan dunk.. Parking: Parkir sering penuh.. Jd pindah2 mobil gtu.. Mungkin lbh enak klo ngegrab aja,5
"Rasa makanannya enak on point. Mau bakar, goreng, tim, tumis, sup, semuanya enak. Nasi liwet dan gorengnya joss, ikannya favorit (terutama yang pesmol), kematangan sayurnya pas dan terasa segar, iganya oke punya, tahunya renyah sekaligus empuk, jusnya segar dan kental. Harga berbicara menyesuaikan dengan rasa dan kualitas. Vegetarian options: Sayurannya mantap lho Dietary restrictions: Secara keseluruhan, di sini cenderung sehat. Parking: Mobil parkir depan restoran, motor parkir di seberang restoran Kid-friendliness: Cocok untuk anak-anak. Disediakan kursi tinggi/high chair di sini Wheelchair accessibility: Masih bisa bila ada yang menggunakan kursi roda. Kursi dan meja bisa di-setting Akan lebih nyaman lagi bila menggunakan kursi roda dengan removable arm rest.",5
Tempatnya nyaman. Pelayanannya ramah dan cepat.,5
I ate them,5
"Suka banget sama suasana tempatnya, cocok buat acara keluarga maupun makan siang bareng temen temen kantor...varian menunya juga banyak gak cuma steak aja...waktu bayar juga ditawarin sama mbak mbaknya berbagai promo bank",5
Buat gojek GK ada parkirnya,5
Tempat nya bersih,5
"Tempatnya nyaman dan bersih,dan pelayanannya cukup bagus",5
Lantai 2 nyaman pol,5
Rasanya khas mantab dari dulu ngga pernah berubah,5
Tutup aja otlet yang di cito. Karyawan tidak niat kerja. Sudah di telp suruh buatkan pesanan. Bilangnya lgi banyak castamer atau gojek. Giliran di samperin otlet sepi ga ada pelanggan. Pecat saja karyawannya kalau males. masih banyak orang yg butuh pekerjaan,3
"dear owner atau admin excelso gwalk, securitynya tolong dikondisikan ya. masa pakai lampu strobo yang silau banget kelap kelip menyorot ke mata pengguna jalan hanya untuk menghentikan kendaraan. sudah gila ya? mau merusak mata pengendara atau bagaimana itu maksudnya? kalau tidak segera ditindak atau dibenahi, saya akan laporkan ke pihak berwajib karena itu dapat menyebabkan kecelakaan pengguna jalan dan dapat merusak mata pengendara.",5
Tempatnya bersih yaman parkir nya luas pegawai nya ramah 2 pelayanan nya cepat,5
"Tempat luas, sambel enak, harga affordable, teh ukuran jumbo",5
"Cocok buat kerja/meeting atau kerjakan tugas. Wifi ok, minuman ok, pelayanan ok",5
"Cepet banget penyajiannya, pas banget kalo lagi laper bgt pengen pengen steak ke sini aja hehe Parking: Ga susah cari parkirnya . Sukaaaa. Pelayanan juga cepat. Kalo lagi laper banget ini sih cocok",5
Pelayanan baik ramah tempat bersih barista nya ramah ramah dan kasirnya juga baik,5
Tempat yang nyaman untuk meeting,5
"Pegawai terlalu banyak bercanda, terutama untuk bagian dapur kurang cekatan banyak bercanda nyaa",3
"Kid-friendliness: Lots of kids toy around the plaza Wheelchair accessibility: Only access to entrance, no incline escalator Food : 3/5 |",5
"Menduakan driver ojol, pelayanannya lemot, jauh sama sekali dari karyawansebelumnya, bedah 100% pelayanannya, dari yg dulu, nyusain driver ojol,  nunggu lama  30 mnt lebih, ajur jum",5
"pelayanan yang tidak ramah, pada waktu itu saya ingin membeli produk promo bucin berdua dengan harga Rp.30.000 mendapatkan pilihan opsi 2 minuman dan bisa juga menebus murah roti/toast seharga 6rb atau 11rb dan itu opsional jika kita mau dan ingin menebus murah roti tersebut, tetapi saya tidak ingin menebusnya dan kasir beralibi kalau promo itu sudah termasuk roti padahal jelas tidak ada keterangan promo tersebut bundling dengan roti dan kasir memutar pc komputernya dihadapan saya dan menjelaskan kalau minuman opsi pilihan itu start from dari harga 30.000 padahal tidak ada keterangan start from dan mengira saya tidak tau arti dari promo tersebut dan sangat tidak sopan sekali dan tidak ramah, berbeda dengan outlet kopi kenangan yang pernah saya datangi mereka selalu ramah dan melayani dan menjelaskan secara baik kalau saya menanyakan menu atau promo yang lain tapi tidak dengan outlet kopi kenangan drive tru ahmad yani woncolo surabaya. sangat mengecewakan pelayanan kepada custamer.",5
"Colokan listrik mati semua , ga ada inisiatif di betulin , parah",5
Tolong diperhatikan pelayanan ya. Terutama  baju ya kurang rapi dan suasana yang panas,5
Enak dan banyak pilihan menu,5
Es boba yg sgt segar Lumayan buat pelepas dahaga setelah jalan2x di Tunjungan Plaza,5
Bagus ramah lingkungan menyenangkan menu yg di suguhkan enak harga terjangkau,5
Tempat meeting favorit,5
While waiting for an invitation,5
"Lokasi strategis, makanan agak mahal, rasa ok",5
"Dengan harga 98.000 sangat2 tidak recommended sih. Tau rasanya terikan? Nah ini mie di teriin, aroma dan cita rasa mienya kalah sama terinya, terinya dikit tapi jadi pemeran utama, yaudh kek makan teri pake kerupuk kulit. Mau comend di ig nya malah di batasi komentar. Es juga ya cuma gtu, manis kek seprit. Sempat beli juga pizza apa gtu, dgn harga 50an tapi kayak kulit pangsit. Taukan kulit pangsit yg 3000 dpt 25 lembar? Nah kek itu cuma dikasih keju ama garem. Cukup skali aja sih.",5
Tempat nongkrong paling asik dan tempatnya bersih,5
"Mantap, taste nya enak dan konsisten",5
"Selalu ga bisa lepas dr kopken,kali ini SPBU Ngagel pinggir kali .. Americano non sugar... Ga ada obat",5
"Sambelnya  , rasa tetap sejak dl",5
"Mantab, bersih",5
"makanya enakkk polll,karyawanya juga ramah2",5
Anjirrrrrr gak ramah sumpah emang salah yah beli minuman pakek rewards? Ta*lah,5
"Suasana yg cukup baik, namun sayang area dine in nya agak kecil",5
Temlat cukup oke.. bersih dan nyaman.. pelayanan juga oke,5
Belum pernah mencoba,5
Pelayanan ramah. Ovaltine macchiato fav,5
"Suasana enak, cozy, pelayanan baik ramah",5
"Langganan kalo pagi, cuma kalo pagi kasian bgt crewny cuma sendiri jadi lama apalagi kalo bnyk custnya. Mungkin bisa ditambah 2 org gt. Oiya satu lagi, biasanya ada 2 crew mas sm mba. Yg masnya super ramah, baik bgt sm cust. Kalo mbanya yg jilbaban ga pernah senyum  kek beban bgt ramah sm cust. Tolong di training lagi lah ya biar service excellent nya ok. Ta liat2 di reviewnya, mbanya sering dikomplain pelayanan tp ga ada followup   semangat pagi mba jgn mencureng ae",3
Pelayanan buruk sekali antri sejam sebelah baru datang saya sudah lama bgt belom diantar didatangin dicm maaf2 tanpa penjelasan!!!!,3
barista ramah dan toko nya bersih,5
Asyik tempatnya..... ada smoking room,5
Slalu beli disini pas ada promo. Tempatnya pun bersih. Karyawannya juga ramah2. Tempatnya dingin.,5
Tdk ada sistem pembayaran lelwt rkning.,5
Nasi gorengnyaa enakkkk,5
Yesterday I vape on guduk here,5
"Waduh service nya jelek tapi untuk soal makanan emang sudah terkenal enak brand mie mapan   note untuk owner nya, kasian sudah invest tapi staff nya males2an gabut 1. Tidak disapa, padahal tempat nya kosong 2. Tidak dikasih menu jadi saya harus ambil sendiri 3. Mau pesan makanan tapi di diemin malah berdua itu sibuk sendiri 4. Mau pesan makanan baru di info kalau harus ke kasir, padahal itu tempat kecil lho dan customer nya cuma kita saja dan dengan nada yang tidak welcoming sama sekali Mohon untuk owner nya lihat Feedback ini ya, biar menjadi lebih baik dan rame ke depan nya",5
"tetep jd destinasi utama kalau keluarga besar lagi berkunjung ke surabaya..  pilihan menunya beraneka ragam, yg jd andalan tentu saja ayam bakar dan gurame bakarnya",5
Hazenut milk tea nya mantafff,5
Pelayanan sangat lama masak pesenan 3 kotak aja 45 menit blm selesai.,3
"Tenderloinnya sukaa   ada menu buat kids juga anak2 suka, dapet minum sama eskrim. Pelayanannya juara",5
"Nyaman buat hangout, bisnis atau social meeting",5
Lumayaaaaan.. tapi saya kok lebih suka cabang satunya ya.,5
"Makanan enak , pelayanan cepet, karyawannya ramah dan harganya affordable",5
"Salah satu tempat makan favorit buat keluarga . Dulu biasanya makan di Surabaya setelah buka cabang di Sidoarjo sdh gak perlu jauh2 ke SBY lagi .Pelayanan nya bagus, makanan nya ok.",5
"Kemarin kesini karena hanya berdua pesan 2 menu niat hati pakai promo akulaku, tapi tidak bisa. Untuk tempat juga sangat kecil dan terbatas Menu : Paketa Pasal 1 ditambah Freezy 1 total harga Rp 56.000",5
enak layanan bagus untuk area dalam khusus untuk perokok area luar khusus buat yg tidak merokok,5
"Sangat nyaman buat nugas , enjoy banget",5
Cocok buat lunch dan makan kelompok,5
Enak makanannya. Ada porsi rame2 bisa untuk barengan sekeluarga. Recommended.,5
"manteb banget gacoan manyar, bestt pokoknya secara keseluruhan",5
Mie nya mantapp,5
"Harga dine in dan take away beda ( dengan jenis makanan yg sama persis ). Harga dine in lebih mahal. Dan setelah saya cek lwt ig resmi mie mapan dan ojol. Ternyata kasir menginput harga dine in saya menggunakan harga ojol yg jauh lebih mahal dari pada dine in. Sayangnya struk sudah terbuang jadi saya tidak punya bukti. ( Struk dine in dan take way saat itu diprint dalam 1 lembar kertas struk, tapi kenapa bisa harga yg dimunculkan oleh sistem berbeda ). Jika pihak mapan masih punya copyan struknya bisa di cek struk tgl 11/1/24. Agar tidak melakukan kesalahan yg sama ke customer lain. Krn ini sangat merugikan. Terima kasih",5
"pesan 4 gelas ukuran large senin 04 juli pk 10.00 .. SEMUA FULL OVER ES BATU .. sudah full masih dipaksa ditambah es batu .. Saya perhatikan, bukannya dikurangi malah terus ditambah sampai susu yang seharusnya dimasukkan di gelas, tidak bisa dimasukkan dan dibuang di wastafel .. Pelayan perempuan berjilbab",5
Makanan yang enak dan jadi langganan disini,5
"Makanan dan minumannya enak.. Pelayanannya bagus dan ramah, cepat juga. Ambience lumayan, suasananya enak, meskipun g tlalu besar tempatnya. Aku Suka sama caramel machiato Curcol: PakSu suka sama kopi kenangan mantan Sebenernya doi bnr2 suka sama kopinya, bukan karna teringat sama mantan. Tapi tiap aku order agak keki deh",5
"Parah banget, baru ini ke excelso ciputra pelayanan nya ga banget!!!! udah pesen dateng nya lama bgt hampir nunggu sejam, tapi maaf (etnis2chin*o) yg baru dateng aja cepet bgt pelayanan nya, saya pesen makanan hampir 2 jam ga di suguhin, tp yg baru dateng, cepet pelayanan nya, udah komplain tetep ga di gubris, 2 jam nunggu makanan akhir nya cuma di tanyain MBA UDAH BAYAR TA?. tolong jangan beda2in customer deh, pokok udh bisa beli makanan disitu ya berarti harus di layani dengan baik. jgn dilihat hanya dari model baju, pesenan!!!!",5
Lumayan kecil tempatnya tapi pw kok.,5
"tempatnya enak buat nyantai , ada makanannya dan banyak promonya juga . hazelnut coklat masih jadi minuman andalan saya",5
"Kembali lagi bersama bolang boleng family di sini kami memberikan review ulasan komentar dengan sejujur jujurnya ya gaes Tempat Nongki tipis tipis  by Kopi kenangan , Tempat bersih dan nyaman Untuk yang jaga cuma 1 orang Pelayanan nya baik ramah dan Gercep Terima kasih Sukses Selalu buat Pemilik Kopi kenangan dan Para Tim nya Salam Sukses dari kami Bolang boleng Family",5
Makanan enak .pelayanan cepat.tempat e panas banget meski kipas angin SDH muter semua,5
Bagus tempatnya,5
"TP 6 level3, didekat bank BRI, BCA, Niaga, Mandiri. Bersih tempatnya. Tempat duduk sedikit jd klo rame harus berdiri.",5
Tempat asik.. Luas.. Lebih sepi daripada di HR.. Jadi bisa lebih nyaman nongkrong disini.. Parkiran sangat luas,5
"kebagian cuma roti nya aja hahaha kata temen, kopinya uda diabisin tinggal roti tok asyeeemmmm.. gapapa lah, rotinya juga enak kok lembut tapi biasa aja kurang berasa premium gatau deh berapaan, dikasih temen soalnya.. rasa keju nya ga yg ngeju bgt, malah agak manis",3
mantap poooolll rasanya,5
Beli mie mapan area ruko makro pepelegi,5
Rotinya enak.. kopi kenangan mantan nya mantap,5
Juaranya soto lamongan,5
Otlet tutup padahal sudah jam 10.33,5
sedikit antri tapi stafnya cepat,5
Tempat yg enak utk meeting. Es kopi nya beragam menunya. Harga relatif terjangkau.,5
Kopi kenangan mantan sangat menjadi favorit dan suasana disini cocok untuk kerja kelompok ataupun nugas sendirian,5
Terima ksh banyak mbak karyawan yg berjilbab pake kacamata....disampning FAST respon baik dan saya yg kelupaan bawa masker coba bertnya pake masker apa tidak kl naek kereta... Dijawab pake Bpk dan diksh solusi dgn memberi masker untuk saya.... Sekali lagi trima ksh bnyak sm mbak yg tidak th namanya yg berjilbab dan bermasker.... Smg selalu dijalur kebaikan selalu,5
"Promo di steak hut,banyak buanged bro,makan steak dgn harga terjangkau,monggo klo di surabaya jgn lupa mampir.",5
Pelayanannya cukup lama tidak seperti di mie mapan lainnya,5
"Starbucks yang ada di dalam mall, lantai tinggi, dan ada open area, sangat cocok untuk ngobrol ketemu, sambil kerja, atau menikmati view, staff sangat ramah, kebersihan terjaga.",5
"Deket sama rumah, jadi hemat bensin",5
Cromboloninyaa enak poll,5
Tolong kalao melayani tu harus seyum kalao ada masalah d rumah jangan d bawak ke tempat kerja jadi kurang sopan. Baru kali ini makan di mie mapan imam bonjol karyawan ya melayani kurang seyum  di lestoran lain aja melayani ramah 2 dan sangat sopan,5
Minuman nya ada yang kurang manis,5
"Tetap terbaik dari dulu ,belom ada lawan sepadan.mulai dari makanan pelayan dan minumannya",5
Makannya enak pelayanan juga rama,5
Menu2nya banyak yang enak.,5
"Makan siang berlima pesennya penyetan keroyokan Ada bakwan, empal, terong, tahu, tempe, ayam , udang, telor dadar. Begitu datang lgs sikatt..... Siapa cepat dia dpt Sambel mantep gak usah di ragukan lagi Makyuss Tempat nya lumayan besar.",5
"Bagus, nyaman, buat nongkrong sama temen keluarga rekan... Tapi maaf pelayanannya agak lambat Vegetarian options: Ada beberapa pilihan salad untuk dicoba",5
Terbaik chatimenya enak sekali bosku,5
Tempat bersih dan tenang,5
"Tempatnya enak dan dingin, apalagi di lantai 2 nya cocok buat nugas... ada balkonnya jugaaa",5
"Honest Review here we go! Kesini mau cobain signature minumannya.. terus cobain deh yang chocolate signature.. overall sangat enak rasanya.. sesuai harapan saya.. ada promo dapat free croissant / es krim, saya pilih croissant.. Pelayanan baik dan ramah.. Tempat cukupan luas dan tidak sempit / nyaman.. Bersih juga.. nampan agak sedikit kotor.. Harga 35-50rb / minuman ya",5
"Orang pesan malah suruh nungguin krna close order pergantian shif , baru kali ini dapat pelayanan sagat tdk enak , perbaiki pelayanan nya",3
"Makanannya enak2, terutama mie ototnya. Dari harga emang termasuk harga yang premium.",5
"Cabang terbaik bon ami. Konon beberapa orang berpendapat masakannya paling enak juga. Sayang tidak ada pastrynya. Desain ruangan lebih mewah, walau parkir cukup terbatas. Pelayannya ramah dan helpfull.",5
"tempatnya nyaman, bersih, dan sangat menyenangkan",5
Its just late,5
cafe dalam mall cocok utk tempat ngopi sambil rehatkan kaki krn cape jalan2 disupermall yg gede.,5
Dari masa ke masa rasa masakannya gak berubah,5
Suka bgt chatime disini diluar pelayanan rasa chatimenya enak poll menu cupbobnya jga enak Kid-friendliness: Rekomendasi menu kesukaan bocil hotdaak sama grasjelly greshmilk enak bgt,5
makanan enak sesuai dengan harganya,5
sudah tutup ?,5
sebagai pecinta minuman saya rekomendasikan Resto ini menjadi pilihan pertama disaaat kehausan varian rasa yg banyak dan pelayanan pegawai yg ramah sangat rekomended bagi pecinta Boba,5
"Selama saya kesini g ada yg minus.. pelayanan cekatan, hebat nya tanpa d tulis 5 menu keluar tidak ada yg salah sesuai note.. hehe.. terimakasih..",3
"Tempat luas, tumbler banyak, namun kadang ketemu barista yang suka error dalam membuat pesanan",5
"Sudah antri lah kok disuruh nunggu lagi,,sytem nya gmn sih gak jelas banget",5
Makanannya enak. Saya suka empal dan bakwannya. Sambalnya juga mantap.,5
Pelayanan oke,5
"Kopi Kenangan buka stand baru di Royal Plaza. Ini di area dekat Hypermart. Ini aku pesan Kopi Kenangan Mantan (kopi, susu dan aren). Harganya 18.000 ukuran Reguler, 25.000 ukuran Large. Pelayanan baik, kasir dan baristanya menggunakan masker. Tempatnya bersih dan rapi.",5
Enakk kopinya apalagi kalau diskon pale blu bca hehe,5
Untuk ojol pesanan lama gak kaya outlet lain yg sudah sedia meskipun ramai,5
Waaaw bingitsssss,5
"Gk ramah dikantong, mana skrg nambah ceker kepala gk dikasi.. jd gk spesial kayak duluuu..",5
"Mienya enk ,letak restonya jg gampang di cari",5
"Sudah sering ke bu rudy, terutama yg di dharmahusada, sekarang ada buka baru di sini ya mampir, masakan bu rudy khas, pelayanan ramah dan tempatnya enak dibuat foto foto, terima kasih",5
"tempatnya nyaman dan estetok parah.. untuk harga dan rasa, sebanding lah.. overall worth it untuk kalian yg lagi butuh imun kebahagiaan.. sedia uang yg banyak aja gais",5
"Excellent! We were able to walk in and were immediately welcomed by the nice staff. The food arrived within 5 minutes, very fast! The food was delicious. We had the steak and the mixed grill. We will definitely return!",5
"Lumayan buat snack time di mall... Gindaco, cupbop, & chatime atelier jadi satu lokasi... Cuma limited seat & space ya, jadi lebih nyaman pas lagi sepi...",5
"Tempat ok hanya saja wifi super duper slow, tapi sekarang sepertinya bakal pindah tempat?",5
"Pelayanannya baik dan cepat, makanannya enak",5
Banyak Diskon tapi syarat juga banyak  . Tapi makanannya sungguan enak. Ada refill kuah juga  . 7.5/10 Dietary restrictions: All food Halal Here,5
Kalau ada event DBL antrian panjang,5
Tempat nymn,5
Rasa kurang mantab..d banding soto2 ayam terkenal lain..padahal sdh d racik tambah ini itu..,5
"Untuk segi rasa menurut saya sangat enak dan untuk ayamnya melimpah, saya suka untuk koya nya di sediakan di setiap meja dan dapat ambil sepuasnya. Untuk porsi menurut saya pas tidak terlalu banyak dan terlalu sedikit.",5
AC nya tidak dingin Ada 4 AC yg dinyalakan hanya 1 di lt bawah lantai atas di pernah di nyalakan dengan alasan AC Rusak ( sudah 6bulan tidak diperbaiki) Toilet nya sangat sangat kotor dan jorok saya suka ngopi di kopi kenangan tapi suasana dan kebersihan nya minus sekali lama lama malas juga ngopi di sini karena jorok,5
Steakkk TOP sby. Enakkkk buangettt,5
"Pelayananya yang sangat ramah, satpam nya ramah pak rendi",5
"Parkir luas, kalau makanan sih kadang ada yang kurang terutama yg savory makanya ga kena post   Untuk pelayanan bagus, sering rame juga. Baristanya cukup knowledgeable.",5
"Tempatnya strategis, pelayanan nya ramah",5
Variasi banyak Dan harga juga sesuai. Staff juga ramah,5
"good, kopi nya enak pelayanan mbaknya ramah bagus",5
"Gud place,gud service,recomended",5
Tempat nongkrong enak di Pakuwon Mall. Bisa nongkrong dengan teman atau keluarga,5
"Yg butuh soto Lamongan di daerah Jemursari , salah satunya bisa dicoba disini. Pembayaran bisa berbagai cara...qris, cash...barter aja yg ga ada",5
Another Suplemen,5
Ingin cari daging utk Barbekyu disini tempat nya,5
"Makanannya fancy, dan unik, lucu. But pricey enough. Ambiencenya kaya warung warung jadul, agak serem.",5
Teh nya harum banget,5
Sangat tidak profesional menejemen restoran,5
Salah satu kopi terbaik,5
Overall oke  cuma untuk kecepatan penyajian agar lebih dipercepat,5
"Enak   , segerr, moodboosterr abiss",5
Barista dan kasirnya sangat tidak simpatik.,5
"menu harusnya ada whipcream sama chestnut malah ga dikasih, parah banget!!!",5
"Kondisi sedang sepi sehingga cuma kami yang ada di resto serasa tamu VIP, rasa seperti biasa enak,  pelayanan mantap, suasana seperti milik pribadi",5
akhirny ada perkopian dkt rumah buka 24jam. plis tambahin ruang acnya. kecil bgt ruang acnya.,5
"Di sini ada beberapa tenant kekinian, tetapi kami memilih Chatime dong. Yang menyegarkan banget. Suasananya enak sebenernya, cuma sering full jadi terbatas untuk tempat duduknya.",5
Tempatnya nyaman buat makan sekeluargah,5
"Rasanya ok, porsi juga ok masakan fresh jadi suka",5
"Pegawainya jutek. Mau bayar dipersulit krn ga ada kembalian. Bukannya itu tanggung jawab penjual ya, harus siap kembalian? saya disuruh keliling2 cari uang pas... tahu gitu ga saya bayar sekalian. Mbak kasir nya sangaaaaat jutek dan ga ramah blas, heran kok bisa di rekrut",5
Tidak ada wifi,5
Nyaman cocok buat nongkrong sama teman atau kolega,5
Alternatif ngopi smbil nggu antrian di PHC,5
"Pelayanan sangat lama lelet, itu diperbaiki lagi. Pelayanan itu sangat penting karyawan jutek2 pula.",5
"tolong dong pegawainya ini kalo sebelum pulang di cek dlu ya apakah aplikasi2 yg bekerja sama seperti shopee,grab atau gojek saat tutup udah di matiin apa belom!!! malem2 mau pesan sudah payment malah pas disamperin tokonya tutup pdhl di aplikasi masi buka mana shopee susah buat cancelnya buat pembeli. taik lahhh buang2 waktu aja lu   dan yg pasti kasian driver shopeenya harus cancel orderan yg itu pengaruh ke akunnya. akun buat cari sandang pangan",3
Ambience untuk ngobrol ketemu orang atau cm mau kerja pas banget disini. Makanan ok minuman jg ok,5
pelayanan cepat,5
"Karyawannya ramah, banyak promo   selalu ke sini tiap ke ciputra world",5
Ga ada obat pokoknya,5
Baik sekali,5
Tempatnya bersih pas didepan Fithub juga. Biasanya stelah ngegym beli Americano disini. Enak pelayanan juga ramah.,5
"Tempat nya strategis dan nyaman,menu nya banyak pilihan dan murah murah",5
"Signature??? harusnya scale-up secara keseluruhan, bukan hanya interior yg bagus dan lokasi prestisius di mall, yg saya lihat hanya harga yg scaled-up service n product?  hmmm need much improvement i think. This is my opinion on my first visit: Order taking lamaaa, kasir hanya 1 dan membiarkan antrian panjang (masih bagusan service indo/alfamart) Display kue jauh dr kasir sehingga klo mau lihat kue harus geser agak jauh, pembersihan meja kurang sat set. Take-away kopi gula aren (latte) dgn harga yg mahal minta tas/bag ms ada extra charge.",5
Excelso in the mall,5
pelayan sangat sangat memuasakan dan pelayanya juga jadi besti ku selama hidup ku,5
Minuman di tumpuk driver yang nunggu ini terlalu lama gimana cara kerjaya,5
Suasana nyaman,5
Lumayan untuk nongkrong bareng teman,5
Terima kasih mbak yuli pegawai soto cak har yg baik meminjamkan mangkuk buat anak opname d rs graha medika,5
Nyamannn & enak,5
"Tempat nyaman, bersih, pandangan luas, ada area outdoor tapi anginnya kenceng banget. Hampir semua menu sudah coba, kurang cocok sama menu udang penyet karna udangnya agak beda sama gambar di menu .",5
pelayanannya bagus. ramah dan informatif sekali.,5
"Tempat nya nyaman , bersih, pelayanan nya juga ramah",5
Tempat dekat timezone jadi habis main laper makam,5
Enak kopi nya,5
Mie nya rekomen,5
Kesini karena anak pas main di funworld outletnya sebelahan persis sama funworld,5
Cepat nikmat,5
tree planting e,5
Abis makan jangan lupa mampir ke store dan pameran THYS ya kakkk.banyak koleksi tas dan promo menarik,5
"Suasana ramai,enak nongkrong di sini",5
"Pelayanan cepet dehh, tempat bersih, fasilitas oke apalagi tempat sholat mukenahnya wangi",5
"Mrasa gak nyaman...resto ko di prbolehkan anjing masuk,apalagi anjing duduk kursi tangnnya ke meja, ,,bulu2 brtbrangan bisa masuk maknan ,, air liur netes di meja.gak cocok buat pngunjung muslim Harusny unt resto hewan pliharaan tdak di prbolhkan masuk area food",5
Pelayanan super lama,5
Rasa lumayan enak. Harga murah,5
Kenapa ojol pesen sekalu diblakangkan knp didahulukan dine in.peseban ojol itu jg bayar.gk minta minta.,5
Mantap rasa dan layanan nya,5
"Terdapat 3 lantai. Lantai 2 non ac, lantai 3 ac. Cukup nyaman karena suasanya tenang, bisa untuk WFC atau mengerjakan tugas. Makanan dan minuman enak, harga affordable.",5
"Mas yg masuk shift pagi hari ini, pelayanan buruk",5
"Kopi Favorit yang Kopi Kenangan Mantan + Less Sugar. Sayang yang di CITO gak ada space khusus buat pelanggan, jadi satu sama Food Court. Semoga kedepannya ada area sendiri di cito, biar ngopinya lebih nyaman",5
Enak suasananya,5
Tempat bagus strategis mudah di jangkau,5
Sangat nyaman,5
"Yang paling istimewa dari Kopi Kenangan adalah cerita di balik setiap biji kopinya. Mereka bekerja sama dengan petani kopi lokal, menjaga kualitas dan keberlanjutan lingkungan sekaligus memberikan manfaat langsung kepada komunitas. Setiap tegukan Kopi Kenangan adalah dukungan kuat untuk keberlanjutan dan keadilan. Dalam setiap tegukan, aroma kopi yang kaya dan lezat membangkitkan kenangan manis. Rasanya seperti sedang berjalan-jalan di kebun kopi yang indah, di mana daun hijau yang segar berpadu dengan sentuhan hangat sinar matahari. Setiap tetes kopi ini seperti menyentuh jiwa dan mengajakku merenung. Jadi, jika kamu mencari kopi yang tidak hanya enak, tetapi juga memberikan pengalaman yang unik dan bernilai, Kopi Kenangan adalah pilihan yang tepat. Jadikan minuman ini sebagai kebiasaan harianmu dan biarkan kenangan manisnya mengisi setiap hari dengan keceriaan dan semangat!",5
"Rasa memang enak. Yang ngga tahan pelayanannya. Baru saja dari sana. Pesab mie rendang 2 porsi, bakwan kuah 1 porsi.  2siomay basah, 2 siomay goreng. 1 porsi bakwan goreng. 3 minuan. Nunggu mulai order sampe tersaji hampir 2 jam. Gara pelayan yg mencatat pesanan tidak input ke sistem. Udah gitu ada orderan tersaji yg keliru . Mie no daun bawang, diberi daun bawang. Gelas minuman kondisi retak.Waktu mau bayar, dikelabui oleh petugasnya mengenai info potongan. Komplain ke pusat layanan ternyata sangat slow respon",5
"Tempat dan suasana nuansa Valentine karena datangnya pas 14 februari :) Tempat sangat nyaman dan bersih Toilet bersih, ada arena bermain anak outdoor All staff ramah dan cekatan Bapak satpam Pak @Rendy juga sangat sigap mengantar sampai tempat parkir dan membukakan pintu mobil & baik banget menawarkan diri untuk memfotokan kami.. hasil fotonya juga oke First impression datang kesini Top banget",5
Enak cuma mahal,5
"Banyak nyamuk... gatal2 semua kalo dine in, mending take away deh",5
Menu jagoan saya .. penyetan kroyokan. Banyak promo dengan harga yg murah ... Nantap,5
Sudah pasti enak,5
tempat nyaman..,5
Nyempil di ujung ikea. Mantap as always,5
"Datang jam 11, hinggal jam 12.00 makanan ga datang... Tamu yang lain yang dtg jam 11.40 sudah dtg. Saya kecewa sangat dengan layanan, saya diberi tau karena orderan katanya HILANG!!!!!!!! Whatttty",3
"Masih jadi susu boba brown sugar menurut saya, dan rasa konsisten mau jogja ato surabaya, top pokonya lah",5
"nambah menu elite,nambah karyawan syulit",5
"Bu kris yang paling mahal, mungkin karena lokasi dan tempatnya yg lebih modern jadi biaya sewanya juga besar, untuk mkan keluarga nyaman, tapi siap-siap kocek kantong lebih dalam",5
"Rame nya tempat ini cukup konsisten. Tempatnya selalu bisa buat ketemu orang, ngobrol, atau pun kerja remote. Ada colok an termasuk yg di area luar, bisa colok di lantai. Ada nomor panggilan kalau order udah selesai dan bisa diambil. Buat yang ga suka manis, jangan lupa minta half sugar.",5
"Parkir lumayan luas, ada area out door juga",5
Makananya  enak dan pedas,5
"Nyobain nasi bebek nya beda sama yang di biliton, disini keras si",5
"Kemaren saya makan utk meeting 43 org, Alhamdulillaah pelayanannya semuanya lancar, Mbak2 dn Mas2 nya baik dn ramah, rasa makanannya juga enak2, Recom bgt deh",5
"Warung Bu Kris cabang Wiyung ini, baru dibangun terasa luas, dg arsitektur minimalis. Terkesan bersih, luas, terang dan suasana kekinian cukup mengundang pengunjung. Kalau menu sesuai dengan standard warung Bu Kris lainnya. Bakwan penyetnya besar dan enak, sambalnya nikmat.",5
Tumben pesen penyet lele nya brminyak sekali g kaya biasanya renyah,5
"pelayanannya cukup baik, makanannya masih hangat semua",5
"Kopi kenangan selalu pas dilidah, pelayanan lbh suka di Sumarecon mall jkt.suasana disini tenang, bs bw dogi yg sy liat.",5
mantap nih aplikasi nya pembelian pertama dapat potongan 10k,5
Sulit untuk melupakan kenangannya,5
Layanan cepat,5
Menunggu lama dan lebih mengutamakan pengunjung yan baru datang,5
Pelayanan perempuannya tidak ramah,5
"Pelayanan nya baik, kualitas rasanya enak di chatime trans icon, mbk nya recomendasiin nya sesuai jadi saya suka sama minumannya, pertahankan yaa",5
Best kopken lokasinya,5
"Enak Untuk riview kerja, nongkrong bersama teman-teman mau pun bermanjaan bersama pasangan sungguh nyaman, seru, dan asik.. saat selesai belanja mau pun olah raga,, tempat ini pasti yang selalu saya cari untuk istirahat.. di libur akhir pekan mau pun liburan panjang starbucks memang pilihan hati..",5
"Salah satu kopken terbaik.. Terkadang tiap store beda rasa.. Tp disini kopi kenangan mantan nya rasanya paling enak. Kopi, susu, gula arennya pas.. Pelayanan nya pun sangat baik.. Ditambah suasana store yg nyaman",5
"Aku mampir karena tempatnya bagus, tapi minuman dan kue2nya ternyata enak2",5
Americano aja 20 menit sendiri. Saya pesan juga bukan waktu peak hour. Seharusnya masalah coffee machine eror / rusak bisa ditangani dengan lebih cepat dan profesional. Rebrand ke kopi kenangan signature malah lebih buruk servisnya wkw.,3
"Pelayanan ok, semua sesuai standar",5
Pesan honey green tea dan suka banget! Bisa jadi pilihan yang bagus buat yang enggak terlalu suka manis. Untuk menu honey green tea sudah enggak pakai gula lagi ya. Dari segi harga masih terjangkau dan pelayanan juga cepat,5
"Enak, harga menengah keatas",5
bagi saya kemahalen dikit... parkir kurang kalo pas rame..kalo sepi atau normal uda cukup. overall uda good tuh ada harga menu di foto,3
"Terletak di dekat terminal Manukan, di deretan toko Makadata, toko Optik. Parkirnya lumayan luas.",5
"Tempat bersih,makanan enak, dekat masjid",5
Respon lama gak jelas,5
saya sangat kecewa dengan pelayanan pegawainya atas nama aerlanggaziren sikap dan ucapanya sangat kasar dengan saya,5
"Bingung kalau mau makan tapi menunya itu-itu aja, mending coba menu disini deh. InshaAllah puas",5
Okelah untuk kseluruhan.  Playanan ok.,5
Cukup baik pelayanannnya dan tempatnya bersih,5
Pegawai nya God job,5
Suasana cukup menyenangkan utk ngobrol dg kawan2,5
Terlalu lama nunggu proses,5
"Sotonya enak, pas buat makan siang",5
Salah satu gerai minuman enak yang terjangkau. Banyak varian rasa dari milk tea.,5
kukira sama kyk kopken biasa turns out mahal sih  not tryin to compare with the other but standard latte aja uenak dan this signature kenangan latte uenakkkk! 59.000 sih,5
"Tempat yang pas buat ngobrol-ngobrol sampai lewat tengah malam. Pesennya bisa langsung dari meja pakai QR menu trus nanti dianter sama petugasnya. Tempatnya emang ga terlalu luas, jadi apes aja kalo kebarengan gerombolan berisik sampe ngakak2 pasti ga nyaman.",5
"Mie mapan, pusat kota. Parkirnya tidak terlalu luas, tetapi bagian dalamnya lebih luas, ada outdoor nya. untuk masakan seperti biasa favorit kita adalah sambal terasinya. sederhana tetapi lezat. UPDATE : sekarang tempat jadi lebih bersih, ada juga LIVE STREAMING ( live music tetapi online ) by Play everywhere dimana kita bisa request lagu dan berinteraksi langsung dengan penyanyi dari kota lain.",5
"Pelayanan bagus... Minuman enak, cuman gak pake gelas... Dikasih gelas plastik..",5
"Buka dari jam 7 pagi, dan dapat pelayanan cepat, staf ramah, serta ac yang dingin. Tersedia area indoor menggunakan AC dan tidak AC, serta area outdoor. Area outdoor sangat luas, dan disertai dengan adanya band. Ada promo bulan Januari dengan pembayaran BRI maupun BCA, sehingga ada diskon. Promosi paket hemat, dan tebus murah di bulan Januari cukup memuaskan, karena porsi normal.",5
"Enak rasanya, layanan cepat",5
signature ice cafe less sugar jadi favorit,5
Tempat ngopi kalau ada promo  ya. Ada banyak kopi yang di sebelah yang enak dan nyaman juga,5
Resto terlalu lama,5
Pelayanan bagus makanan enak,5
"Ramah, pesen dari aplikasi tinggal ambil gapake antri",5
Soto cak har di surabaya yg paling gak recomend ya yg di wiyung ini.. Makan soto plus sauna.. Biyuuuuhhh puanasseeeee..,5
Nunggu orderan sampai hampir 1 jam baru selesai padahal sepi yg beli,3
Restu lama banget,5
"Tempatnya asik buat cerita dan ngobrol sm teman2. Kayanya 24 jam ya, soalnya pernah kesini diatas jam 12 malam. Banyak diskon kalau kalian pakai aplikasi Kopi Kenangan. Tempatnya ada lantai 2 nya ya, dan ada outdoor nya yg juga terletak di lantai 2. Cuma kemarin pas kesini di lantai 2 indoor AC nya masih perbaikan, jadi panas banget. Buat ngerjain tugas juga enak tempatnya",5
Barista yg ramah dan baik hati,5
Enak-enak makanannya recommended bgt,5
saran diatas wastafelnya dikasih kaca dong   biar enak pas cuci tangan hbis makan sambil ngaca,5
"Suasana nya cukup nyaman , tinggal pelayanan nya kurang baik",5
"Tempatnya kecil, tapi bersih dan adem. Sayangnya wifi-nya super duper lemot (sekitar 300-400 kpbs), padahal saya sendiri yang Dine in. Kalau wifi kencang saya yakin anak kuliahan banyak yang nugas disini. Untuk pelayanan agak kurang ramah, saya foto tempatnya aja sampai ditanya baristanya yg cowok: buat apa foto-foto kak? padahal jaman sekarang, orang pergi kemanapun pasti foto pake hape untuk mendokumentasikan kegiatannya dan itu lumrah. Setelah saya bilang untuk Review di google maps, barulah dia memaklumi. Tapi jujur saya kurang nyaman aja. Lagian kalau mau larang foto mending tulis aja di pintu Dilarang Memotret apapun disini. Semoga dibaca dan karyawannya diingatkan untuk tidak melakukan hal tersebut.",5
"Bisa makan sambil belanja oleh oleh. Area makan nya ckp luas, ada indoor dan outdoor dengan pepohonan yg bikin sejuk. Utk oleh2 kurang lengkap, makanan enak2 harga terjangkau. Ada mushola tetapi kecil",5
"Bad banget pelayanannya, udah salah gak minta maaf malah nyalahin customer",5
Kid-friendliness: good Food,5
"Makanan sambal terbaik di sini. Bakwan penyet adalah yang terbaik untukku. Anda dapat menemukan makanan lain seperti lontong cap go meh, pecel, dll. Restoran kecil tetapi Anda dapat berkunjung ke sini dan makan.",5
Excellent,5
Sayang kalau mesan datangnya kelamaan,5
"Tempat nyaman banyak tempat duduknya,",5
"Okey, nyaman.. orang2nya ramah..",5
The best,5
Kasirnya ga bgt ga sopan lg,5
"Matrial d bahan bangunan murah d lengkap , bisa COD d pengiriman cepat",5
Saya pesan jam 2 sampai jam 4,5
"Suka Lokasi sama tempat nya, nyaman banget dan luas",5
Untuk kopinya recomend deh soal rasanya pas dan bisa buat mata melek.terus untuk product barunya roti cookies rasanya juga enak cuma enak lagi kalau ukurannya lebih besar biar puas hehe..,5
nyaman n asyik buat nongkrong,5
Sambalnya juaraaa,5
"Cepet ,Tinggal pesen dari apps",5
"Akhirnya gacoan buka deket rumah,gak usah jauh2 ke manyar kalo lg pengen dimsum gacoan sayang aja belom buka 24 jam kek manyar tp worth it lah,gak abis bensin banyak cm kentang bgt kalo puter balik jd lawan arus dikit kalo mau puter balik Parking: As usual yg berlaku di semua gacoan,parkir motor 2rb,ojol seribu Kid-friendliness: Anak2 demen ama dimsumnya seh drpd mienya so far lumpia udang,udang keju ama udang rambutan masih jd favoritnya anak2",5
"Mbak pelayannya super sabar Porsinya pas Rasanya enak, tipe bakso yang keset gitu, asinnya pas Karena kami datang malam, bbrp area perlu ditingkatkan kebersihannya AC nya perlu di tjngkatkan performanya. Kurang adem",5
"Lokasinya di GM 2 Tempatnya luas, nyaman, cocok buat nongkrong, banyak colokan listrik Pelayanan nya ramah, cepat tanggap Kopi nya enak, makanan mya juga enak Pembayaran bisa cash, kredit, debit, qris Vegetarian options: Ada menu salad",5
"Teman setia perjananan kalo naik kereta api dan singgah di gubeng. Kopinya itu pas, gak terlalu asam dan gak terlalu pahit. Bisa custom less ice less sugar dan gak mengurangi jumlah kopinya. Proses pembuatan kopinya juga cepet dan karyawannya informatif. Thanks kopi kenangan. Semoga beneran jadi unicorn dan bisa lancar buka cabang di seluruh asia tenggara.",5
Coklat nya favoritku,5
"Baru ini pelayanan kopi kenangan ngga ramah. Sudah salah, mereka yg buang muka dan nyolot. Apalagi staff yg nama depan nya  F",5
"mau bilang makasi banya ke mbanya yang uda bawain barang saya yang ketinggalan tadi, pelayanannya juga ramah banget, tiap kesini emang selalu ramah makanya saya suka, dan emang uda sering langganan disini tapi baru kali ini buat makanannya agak kecewa dikit, biasanya waktu disajikan makanannya masi anget kalo tadi uda dingin padahal baru disajikan, jadi kurang nikmat makannya huhuhu semoga kalo kesini lagi masi sama kaya biasanya ya",5
"LOCATION: Lokasinya di samping Starbucks Manyar. Lokasi mudah di jangkau dan cukup banyak parkiran. VIBES: Interiornya standar seperti Kopi Kenangan di outlet pada umumnya. Terdapat 2 lantai dengan ruang indoor dan outdoor area. Tempat ini cocok untuk para introvert yang ingin me time atau sekedar nongkrong dengan orang dan cocok juga untuk produktif  . AC-nya juga cukup dingin saat berkunjung kesini. Tapi tempatnya tidak begitu besar. SERVICE, TASTE & PRICE: Pelayanan ramah dan cepat. lebih cepat lagi order via Apps. Menunya cukup beragam. Rasa kopinya juara dan pastry nya juga enak. Harga masih terjangkau Pembayaran bisa QRIS atau cash. Lebih murah pembelian lewat aplikasi  KOPI KENANGAN terkadang terdapat promo maupun cashback. FACILITIES: Tersedia WIFI dan cukup oke. kamar mandi bersih. Ada charging space nya namun tidak terlalu banyak. MORE REVIEW: Overall, salah satu opsi tempat nongkrong yang nyaman, rasa juga oke serta harga masih terjangkau.",5
SELALU ENAK STEAK BONECAFE DI MANAPUN KOTA NYA,5
Saya kcewa palayanan .saya pesan lwat ojol .waktu tiba.makan hancur jadi 1   ..di karenakan pmbungkus plastik gak ada cantolan buat drever bawa..sehingga bawanya mudah goyah...ksalahn resto 100%,3
"Starbucks paling cupu di surabaya.. Di gmaps tertera tutup jam 22.00, tapi kenyataannya 2 kali kesana (di hari berbeda) di sekitar jam 21.15 dan 21.30 sudah closed order..",5
Parah beli minuman milo dinasaurus manis nya bener bener manis kayak minum air gula saja tolong dong di perhatikan lagi parah memang,5
Nice place Parking: Spacious parking area Food : 3/5 |,5
Favorite anak2 kalo makan disini tuh... tempat luas gak sumpek. Deket juga dr rumah.,5
"Nasi madura nya endul surendull,wajib dicoba",5
"Pelayanan baik, ramah, harga minuman 25rb-45rb an.. tempat makan / minum terbatas (minim) didekorasi dengan cukup eye catching.. rasa minuman yang menurut saya enak berry bits tea, yang royal milk tea biasa aja.. seger yang teh bits nya.. Berikut saya fotokan menu dan suasana tempat nongkrong pada tanggal 25 Desember 2023",5
Trmpatnya nyaman. Gak rame. Deket tengah kota. Enak buat nongkrong,5
"Kopi Kenangan yg ini lokasi di dekat IKEA ..  tempat nya relatif kecil, awalnya tidak terlihat, .. dr arah turun eskalator .. lanjut aja lurus ke arah mau ke parkir motor/mobil ..",5
Pelayanan full service banget,5
Banyak promo mantapss,5
Cocok buat meeting poin dan ngobrol2,5
"Soal kopi tidak perlu diragukan, sesuai standard Excelso. Hanya saja waktu weekend outlet TP6 ini terasa sangat sesak karena pengunjungnya ramai sedangkan spacenya sangat sempit dan meja kursi disusun terlalu berdekatan. Over capacity kalau menurut saya. Soal space masih perlu banyak belajar dari kedai kopi kompetitornya yang asal Amerika itu. Namun untuk waktu penyajian lumayan cepat meskipun dalam kondisi seramai itu. Perlu improve space saja.",5
Bisa dipakai utk short meeting & party,5
"Di gulai kambingku ada lalatnya, pas udah komplain ga ada feedback yang bagus. Maaf ya jadi rating jelek soalnya aku langsung diare. Makanannya ga higienis",5
makanan enak porsi besar Parking: tempat parkir sangatlah minim jadi untuk pengguna mobil harus pintar pintar cari parkir.,5
"Mienya enak , penyetannya juga ok",5
Makanan dan pelayanannya bagus,5
Tai lama make bgt bnyak ngomong,5
"Boothnya gampang bgt dicari, dekat eskalator. Tempatnya bersih, nyaman, pelayanannya top mantap is the best",5
"Rasa dan kualitas ga seperti dulu nih, mana tempatnya panas banget, AC ga ada yg hidup, kipas angin juga ga ada, pas bawa org tua lagi   . Come on, gw dah langganan lama di sini, make it up pls.",5
Okelah buat pesan minum pelepasan dahaga,5
Pelayanan lama online saya nunggu lama sampai kopinya sya kshkan ke driver krna nunggu lama kapok pesen kopi di sini,3
Nyaman Pelayanan enak dan memuaskan Porsi makanan lumayan banyak Rasa tidak mengecewakan Rujak cingure juga ada,5
"Tempatnya nyaman, dingin, bersih . Pelayanan kasirnya pun ramah, enak buat ngerjain tugas kantor",5
"Tempat oke, free member plus fruit tea",5
Suiiip mantap harga nya kalau bisa ada diskon atau di kurangi,5
"Bersih, rapi ... Sayamg tidak ada tempat duduk cukup banyak ... Hanya ada 2 tempat duduk kecil ... Max 4 orang ... Itupun menempel ke dinding lapak ... Kopi kenangan ini ada foodcourt lantai paling bawah ... Foodcourt disini tidak seramai yang lantai atas Soal rasa ... rasa kopi cukup terasa ... Tapi kami saat itu tidak beli yg kopi murni jadi tidak tau bagaimana utk espresonya ... Bagi kami enak kalo hazelnut latte...kalo yg brown sugar ... Mungkin terlalu manis ... Tapi secara prinsip enak ... Hanya agak tinggi harganya ... Sekitar 24rban utk yg ukuran kecil Udah habis diminum baru ingat belum difoto ... Jadi kau foto saja Gelas kosongnya ... Hahaha",5
Tolong perhatikan kebersihan toiletnya,5
Minumannya suka,5
"Kemasan cukup bagus, harga relatif terjangkau, rasa kopi & roti nya lumayan enak, pelayanannya cukup ramah & cepat, karyawan resto sudah taat prokes",5
Bisa banget promo nya buat rame-rame,5
"Staf yg ramah, suasana yg nyaman makanan dan minuman dengan banyak pilihan promo menarik setiap hari nya",5
Enak..... tadi ada makanan ......sate ayamnya.... dagingnya agak bau dan  bubuknya agak kecut ....... sdh lama ???? Ndak seperti biasanya........ Utk yg lainnya mantap.....,5
"Tempat yg cocok untuk pertemuan untuk keluarga, teman, kolega. Dengan nuansa estetis dan masakannya enak",5
Kopinya enak takarannya pas cuman bobanya agak keras,5
"Udah lama ga balik ke Excelso. Cobain Lemon butter dori, ayam betutu, mojitos dan kalosi toraja black coffee. Rasanya semua lumayan cuma LBD nya overcooked. Sad thingsnya kita tambah minuman 2 macam dan udah nanya 2x dijawab ok semua sampai dibayar juga ga keluar. Dan tidak tercatat. Bill juga kalosi jadi java apa gitu.",5
Tempatnya enak. Mantafff,5
"Staf ramah, sevice cepat",5
"TERUNTUK PEGAWAI CLEANING SERVICE LAKI LAKI BERTOPI HITAM DIBAGIAN LANTAI ATAS, TOLONG DI INGGATKAN SISTEM KERJA YANG BAIK BAGAIMANA!! makanan gacoan enak rasanya , sayang sekali layanan dan suasana jelek sekali.masak saat bekerja membersihkan lantai meloby lantai kursi dan meja di dorong dorong KASAR. yg mengakibatkan suasana jadi glodak glodakan seperti pegawai tukang bangunan.tolong dong bila bekerja bersih bersih lantai sapu sapu lantai dengan lobi untuk menata meja dan kursi dengan pelan sopan santun sampai tidak ada bunyi yg dikeluarkan.beda lo mengeser meja dan kursi dengan tangan pelan dan kasar. Oke lah ada suara gapapa.itu suaranya glodakan seperti meja dan kursi kayak di dibanting dan di dorong kencang yang mengakibatkan saya kaget setiap menit dan waktu. Dibiarkan sekali 2 kali tetap diteruskan. Tolong sebagai atasan dan manager menegor karyawan yg seperti itu. Saya sudah 5kali ini makan di lantai atas gacoan ambengan.tetep saja perilaku yg diberikan pelayanan oleh clening servise seperti itu. Kesan kerjanya kayak gak ikhlas seperti orang mau tawuran. Gak pada saat hanya sepi pengunjung sperti itu. Bahkan rame orang sistem kerjanya seperti itu.meja kayu dan kursi kayu di doorong dorong kasar. Apakah benar perilakunya seperti itu? Apakah saat masuk kerja pertama tidak di ajarkan Pelayanan prima kepada pelangan ? Kita pembeli disana membeli dengan uang, dan saya harap makan di luar harapan saya merefresh sejenak pikiran dan suasana. Tetapi suasana makanan di tempat dine in seperti itu yg membuat saya risih dan emosi. Walau  makanan enak nya seenak apa , tetapi pegawai clening servise seperti itu membuat costumer jadi kapok dan males andok di situ lagi. Tolong dengan sangat pegawainya tersebut clening servise laki laki , bertopi hitam , pakai baju hitam , dan celana hitam , dan masker hitam , badan kurus , tidaj tinggi , pegawai clening servise mi gacoan di lantai 2 atas  di tegur dan ditindaklanjuti. Agar tidak mengulangi perbuatannya lagi. TERIMAKASI",5
Lokasinya strategis namun lumayan menghalangi jalan bagi yang selesai isi bensin disisi kiri jika pengemudinya kurang sargap bisa nambrak,5
Sangat nyaman sekali buat nostalgia berdua,5
Saya datang jam 9.10 sudah dikatakkan tutup padahal seharusnya jam segt mall masih buka dan saya bilang panggil manajer km akhirnya dia tanya ke dalam boleh duduk akhirnya saya pesan minuman yang keluar malah minuman rusak susu kecut sekali dan sudah pecah susunya foto saya lampirkan  tolong saya ini pelanggan setia excelso bisa diperlakukan seperti ini!!!!!,5
Minumannya pas banget pokoknya mantap,5
"Suka beli disini krn yg plg deket dari rumah,. Alhamdulillah selama ini gak ada pelayanan yg gak oke,. Terutama hari ini, makasih mb nya udah menerima pesanan dg baik diantara mood resto  lain yg rese ,. #smoothie #mood #booster",5
Selalu ke gerai yang ini setiap kali ke Tunjungan Plaza.,5
"Suasana enak, pelayanan prima, makanan enak jg... cm ikan bakarnya lebih mirip ikan goreng ya... lalu gurihnya jg cm di kulitnya aja ya, jika dimakan tanpa sambal/kecap, daging ikannya hambar/sepo. Tp overall masi Ok kok. Sangat Cocok untuk makan bersama keluarga, kolega atau menjamu tamu.",5
"Makanan legend di kota surabaya,sering kali antri,tetap enak harga 31 k,nasi udang empalnya. Parking: Mobil parkir valet di halaman pasar atom atau parkir diatas gedung,motor bisa parkir dipinggir jalan sekitar pasar atom ada petugas parkir atau parkir di halaman pasar atom juga bisa. Kid-friendliness: Nasi empal udang cocok buat anak2,jangan pake sambal ya. Wheelchair accessibility: Untuk penyandang kursi roda bisa naik melalui lift baik di pasar atom maupun di mall atom naik ke lantai 4 food fourt pasar atom lama.",5
Tempatnya bersih minumannya enak,5
tempatnya enk asikk buat makan sama temen,5
"Starbucks yang buka sampao jam 11 di weekend (saat review ini ditulis 21/1/24). Staf ramah. Satu kekurangan adalah meja yang dekat toilet, karena tidak tertutup dan kurang nyaman lokasinya. Perlu perbanyak colokan juga.",3
Wifi lemot,5
"Pelayanan lama sekali kasir cuma 1, sangat lambat",3
Tempat nyaman utk kongkow ataupun diskusi dg rekan bisnis,5
Porsi nasi banyak dan lauknya porsi banyak. Saya kebetulan pesan empal penyet rasanya enak dan dagingnya empuk. Pelayanan cepat dan ramah. Top markotop,5
Beli pakai Thumbler Harus reg min 20rb baru diskon 20%. Apaan. Yg laen bisa padahal,5
"LOCATION: Lokasi strategis dipinggir jalan utama. Terletak di area ruko sebelah brand Haus. Tempat parkirnya cukup banyak terutama untuk   sepeda motor dan agak sulit untuk   mobil. VIBES: Interiornya standar seperti Kopi Kenangan di outlet pada umumnya. Terdapat 2 lantai dengan ruang indoor dan outdoor. Tempat ini cocok untuk para introvert yang ingin me time atau sekedar nongkrong dengan orang   dan cocok juga untuk produktif  . AC-nya juga cukup dingin saat berkunjung kesini. Tapi tempatnya tidak begitu besar. PRICE & TASTE: Harga masih terjangkau  . Pembayaran bisa cash atau QRIS. Lebih murah pembelian lewat aplikasi    KOPI KENANGAN lebih murah, kadang ada promo voucher & cashback. Menunya cukup beragam. Rasa kopinya   Juara dan   rotinya juga enak banget . FACILITIES: WIFI akhirnya tersedia saat berkunjung dibulan ini pada Oktober 2023 ini sebelumnya belum tersedia. Untuk saat ini kecepatannya oke karena WIFI.ID cukup trusted untuk kecepatan stabil. kamar mandi bersih. Tersedia Mushola untuk 1 orang. Ada charging spacenya namun tidak banyak. MORE REVIEW: Overall, mulai ada peningkatan dan menunya mulai cukup beragam. akhirnya udah ada WIFI nya jadi yang biasa nya hanya takeaway sekarang bisa bersantai sejenak di sini. Barista nya juga ramah.",5
Tempat ya bersih pelayanan nya cepat dan karyawan yang ramah 2,5
"Kopinya sih enak, seperti di cabang2 kopken lainnya.. cuman mas kasirnya sepertinya lelah, jadi ke pelanggan kata-katanya agak tidak enak saja.. layar menu di atas mati, saya yg agak lupa menu2nya hanya tanya dengan sopan,  ada apa aja ya mas? Dengan harapan dia kasih suggest ke saya menu apa yang lagi in, atau ada promo apa gutu, Lalu masnya jawab dengan jengkel ya kopi kayak biasanya mas, itu di depan juga ada paketnya bisa dibaca sendiri.. yaaaah gapapa deh, mungkin masnya capek dan perlu di istirahatkan aja biar bisa ilang capeknya..",5
"Pelayanan lambat, dibuat menunggu >30 menit tanpa dilayani. Tidak akan ke sini lagi",5
"Event cny eve kemarin saya pesan premium rib eye steak, tapi gosong karna serve nya kelamaan dan ngga cepet dituang saus nya. Pas saya tanyain kalo steak saya gosong malah dibilang mateng. Kan aneh dan ngga relevan. Ngga biasanya pelayanan boncafe kek gini",3
"Pegawai ada yg jutek ngelayanin kakak saya, kewajiban profesionalnya dimana?",5
Parkirnya sempiiit sekali... Suasana panas.. yg lain udah best,5
Salah satu ikon kuliner terbaik nih,5
"Box take away kotor,masa friendfries ada coklatnya..padahal gk order coklat..kayak box uda lama atau bekas sya gk tau..",3
"Upselling mas cashiernya aga maksa, size reguler selalu di bilang harus sepaket dengan paket roti",5
"Saat pagi2 pesen menu breakfast, sruput kopi hangat, belum ada yang datang perfect",5
"Cabang terbaru. Tersedia drive thru juga. Free wifi. Area parkirnya oke. Tempatnya cukup luas, ada indoor dan outdoor. Sayang, indoornya sempit. Tempatnya apa ya.. agak kureng bagian luarnya. Kelihatannya kok seperti buru-buru buka. Kedepannya mungkin bisa ditambahi atau dihias bagian luarnya. Entah dikasih pagar mungkin buat menambah estetika",5
"Bertempat di SPBU BP, pick up pake aplikasi gk perlu antri",5
"Tempat luas, masakan enak, yg penting harganya pas.",5
Rasanya berbeda dengan yg di merr.. Agak sepi..,5
"Pelayan ramah, pelayanan juga cepat",5
BINTANG SATU SEMUA PELANYANAN SANGAT LAMA SEKALI BENCI RASA NYA JUGA GAK ENAK GAK KAYAK DULU!!!,5
"Order pick up online tapi tidak boleh dine in, padahal udah jalan jauh jauh, tujuan pick up ya supaya bisa langsung minum di tempat, tapi ternyata ga boleh dine in, meskipun tempatnya sepi banget Ga cuma itu, bikinnya lama juga, padahal sepi tempatnya dan order cuma 4 cup aja Dan ada 1 pesanan yang minta less sugar, malah dikasih less ice Wah parah sih, ga bakal balik lagi, miskom banyak dan produknya kurang oke",3
"Jika kantong plastik berbayar mohon di info dari awal supaya pembeli bisa sekaligus melakukan transaksi, bukan di info ketika pengambilan. Tidak efisien.",5
"Rekomendasi sekali, sangat enak",5
"Tempatnya nyaman,pelayanannya ramah. Pesen mie gulai enak juga, mie nya tipikal yang tipis dan kecil kecil. Harganya lumayan pricey dengan kualitas makanan seperti itu. Es cao susunya biasa aja rasanya",5
Selalu puas makan disini. Apalagi waktu ada promo keroyokan. Gratis nasi Dan es teh,5
Restoran lama yang sekarang masuk di mall mall karena generasi ketiganya boncafe pak andrew Makanan selalu konsisten enak selera surabaya... kalau orang jakarta bilang mirip semur haha Suasana selalu nyaman apalagi suasana natal sungguh menarik interiornya Cocok untuk kumpul teman dan keluarga atau event2 ulangtahun Tenderloin premium 8.5/10 Oxtounge steak 8.5/10 Spring chicken 8/10 Lumpia small  8/10 Overall recommended Makasi,5
"Berada diarea SPBU hijau. Tempat terbatas. Pelayanan ok. Suasana bersih, tenang.",5
Kemarin 21 apr 22 barang saya ketinggalan di Excelso GM 2. Hari ini saya kesana dan barang saya disimpan dengan rapih. Terima kasih Excelso Galaxy Mall 2.,5
"Pesen size large dikasih medium, pas dikasih large rasanya pait banget padahal pesen gula aren yang aslinya manis jadi pahit ga jelas rasanya",5
"Untuk rasa b aja terus Warna kuah bening, isian ayamnya menurutku dikit dari pada soto ayam ya sebelah lah padahal harga selisih 2k   , koya nya sih tipe yg buka kerupuk.",5
"Udah mendingan sekarang service nya gercep2 banget, servernya juga ramah2, lg duduk aja dia lewat disenyum in pdhal dia lg sibuk, dulu aja mau pesen lama banget dateng lupa apa gmna pdhal duduk gajauh dr kasir saking lamanya yg tadinya angkat tangan doang akhirnya manggil2 dijawab iya sambil nulis apa gtu dikasiran mana jawabnya nggak noleh cuman iya sambil nulis ga sopan",5
Menunggu makanan datang perlu waktu sekitar 50 menit lama banget sampai harus tanya bolak balik ke mas2 dan mbak2nya. Minum sudah mau habis semua baru datang makanan,5
Tempat ngopi2 cantik di stasiun kereta pasar turi..,5
"Begitu masuk, disambut dengan ramah. Mbak Kasir memberikan rekomendasi minuman sesuai dengan selera saya. Pelayanan cepat, sangat sukaaaaaaa Parking: Parkir free dan luas",5
"Nyaman , enak , murah hanya saja perlu diperbaiki layanan mushola",5
The question of taste does not disappoint in any branch,5
"Ditengah panasnya surabaya, niatnya ke chatime kan biar seger . Pesen minuman adem & ngadem sambil nunggu antrian, eh malah AC nya 25 derajat, puanas banget mana storenya kecil. Ac berasa penghangat ruangan haha",5
"Iki yakopo seh, titik lokasimu kok nng jl ahmad yani",5
"Tempatnya enak, deket pintu keluar. Kalo menu sama kayak Excelso pada umumnya. Enak",5
Pelayannya agak nyebelin sih,5
"Makanan nya untuk saya kurang cocok, hanya pisang goreng madu nya yang enak, tidak bebas parkir padahal ada security",5
"Br prtm x ksini..krn memang mi mapan favorit kluarga,,tmpat bersih, playanan bagus, toilet bersih, mbak2 sm mas nya ramah..di lt 2 nyaman",5
